Name,Address,Lat,Lon,Category,Reviews
Vinh Xuong Bakery,"375 S Federal Blvd Unit 112 Southwest Denver, CO 80219",39.7098623,-105.0253537,Vietnamese,47
Pho 96,"2990 W Mississippi Ave Southwest Denver, CO 80219",39.696483,-105.024661,Vietnamese,73
Pho 95,"1401 S Federal Blvd Southwest Denver, CO 80219",39.6909921,-105.0255329,Vietnamese,640
New Saigon Bakery & Deli,"640 S Federal Blvd Southwest Denver, CO 80219",39.7048551,-105.0246953,Vietnamese,59
Pho Duy,"945 S Federal Blvd Southwest Denver, CO 80219",39.699516,-105.0255138,Vietnamese,207
Manna From Heaven Gourmet Food Truck,"Northwest Denver, CO 80202",39.745948,-104.997272,Vietnamese,30
DaLat Vietnamese Cuisine,"940 S Federal Blvd Southwest Denver, CO 80219",39.6995558,-105.0247969,Vietnamese,37
Thai Bao Vietnamese Restaurant,"5115 Federal Blvd Northwest Denver, CO 80221",39.7899283,-105.0258701,Vietnamese,72
Pho Saigon Vietnamese Noodle Soup & Grill,"12033 N Pecos St Denver, CO 80234",39.9146468,-105.0061327,Vietnamese,31
Pho Ta,"2200 W Alameda Ave Ste 38 Southwest Denver, CO 80223",39.7099764,-105.0137401,Vietnamese,62
Viet's Restaurant,"333 S Federal Blvd Unit 125 Southwest Denver, CO 80219",39.7106003,-105.0256516,Vietnamese,41
Pho 38 and Noodle House,"2915 W 38th Ave Northwest Denver, CO 80211",39.769556,-105.023416,Vietnamese,44
Pho-natic,"229 E Colfax Ave Uptown Denver, CO 80203",39.7402029,-104.9840807,Vietnamese,190
PHO 1,"1908 E Colfax Ave Northeast Denver, CO 80206",39.7399948,-104.9644725,Vietnamese,44
Pho Ok,"890 S Monaco Pkwy Ste 8 Southeast Denver, CO 80224",39.7004235,-104.9127252,Vietnamese,46
Pho 79,"781 S Federal Blvd Southwest Denver, CO 80219",39.7026111,-105.0255721,Vietnamese,101
Lotus Vegetarian Restaurant,"1015 S Federal Blvd Southwest Denver, CO 80219",39.6980874,-105.0254766,Vietnamese,18
Pho N Grill,"16th St and California Northwest Denver, CO 80202",39.74521,-104.9921659,Vietnamese,6
Pho 7,"10009 E Hampden Ave Southeast Denver, CO 80231",39.6531181,-104.8716319,Vietnamese,41
Vietnamese Cuisine,"4701 Peoria Street Unit 105 Northeast Denver, CO 80239",39.7830602,-104.847761,Vietnamese,26
Dong Khanh Restaurant,"333 S Federal Blvd Ste 134 Southwest Denver, CO 80219",39.7106003,-105.0256516,Vietnamese,206
Man Wah,"5380 W 44th Ave Denver, CO 80212",39.776267,-105.055226,Vietnamese,26
Bones,"701 Grant St Southwest Denver, CO 80203",39.7273931,-104.9837861,Vietnamese,317
Pho 87,"7585 E Iliff Ave Denver, CO 80231",39.67523,-104.901227,Vietnamese,52
New Saigon Restaurant,"630 S Federal Blvd Southwest Denver, CO 80219",39.705012,-105.024696,Vietnamese,180
Pho Le,"1195 S Federal Blvd Southwest Denver, CO 80219",39.695146,-105.025465,Vietnamese,15
T-Wa Inn,"555 S Federal Blvd Southwest Denver, CO 80219",39.7065014,-105.0255553,Vietnamese,24
Pho Sydneys Deli,"1908 E Colfax Ave Northeast Denver, CO 80206",39.7399948,-104.9644725,Vietnamese,4
Pho79 16th Street Mall,"1600 Champa St Ste 200 Northwest Denver, CO 80202",39.7468248,-104.9934071,Vietnamese,58
New Orient,"10203 E Iliff Ave Denver, CO 80247",39.675254,-104.868526,Vietnamese,20
Doimoi Dumplings,"Northwest Denver, CO 80201",39.75,-104.99,Vietnamese,3
Pho Saigon Star,"2045 S University Blvd Southeast Denver, CO 80210",39.679309,-104.9597899,Vietnamese,19
Pho 4 Mua Restaurant,"9866 Grant St Denver, CO 80229",39.8768699,-104.9836135,Vietnamese,20
Pho Hoa Restaurant,"1036 S Federal Blvd Southwest Denver, CO 80219",39.698062,-105.0245971,Vietnamese,6
Golden Pho & Grill,"1036 S Federal Blvd Southwest Denver, CO 80219",39.698062,-105.0245971,Vietnamese,2
Pho 66,"7585 E Iliff Ave Denver, CO 80231",39.67523,-104.901227,Vietnamese,9
Pho 555,"1098 S Federal Blvd Southwest Denver, CO 80219",39.6970887,-105.0247088,Vietnamese,62
Pho Fusion,"4802 W 38th Ave Northwest Denver, CO 80212",39.7691296,-105.0491094,Vietnamese,78
The Asian Cajun,"2400 W Alameda Ave Southwest Denver, CO 80223",39.7109189,-105.016048,Vietnamese,114
Thai Hiep Restaurant,"333 S Federal Blvd Southwest Denver, CO 80219",39.7106003,-105.0256516,Vietnamese,1
Vietnam Bay,"472 S Federal Blvd Southwest Denver, CO 80219",39.707615,-105.0250523,Vietnamese,3
Pho 88,"10250 Federal Blvd Denver, CO 80260",39.882696,-105.023901,Vietnamese,39
Pho On 6th,"1312 E Sixth Ave Southeast Denver, CO 80218",39.7255691,-104.9711308,Vietnamese,214
Saigon Terrace,"1550 S Colorado Blvd Southeast Denver, CO 80222",39.6884557,-104.9398149,Vietnamese,51
Gio Cha Cali,"1008 S Federal Blvd Southwest Denver, CO 80219",39.6983937,-105.0250472,Vietnamese,1
V2 Sports Bar & Restaurant,"333 S Federal Blvd Unit 125 Southwest Denver, CO 80219",39.7106003,-105.0256516,Vietnamese,6
Can Tho Pho,"1036 S Federal Blvd Southwest Denver, CO 80219",39.698062,-105.0245971,Vietnamese,21
Taste of Asia,"7505 E 35th Ave Ste 310 Northeast Denver, CO 80238",39.765381,-104.9024662,Vietnamese,38
Pho Sai Gon Le,"8101 E Belleview Ave Southeast Denver, CO 80237",39.6256918,-104.8939098,Vietnamese,1
Pho 16th Vietnamese Grill,"538 16th St Mall Ste 1 Northwest Denver, CO 80202",39.744183,-104.9908814,Vietnamese,40
Pho Lee,"6860 S Clinton St Greenwood Village, CO 80112",39.5930339,-104.8783223,Vietnamese,101
Pho 888 Vietnamese Noodle & Grill,"539 N Sable Blvd Aurora, CO 80011",39.7255482,-104.8195228,Vietnamese,130
Pho Cafe,"12405 E Mississippi Ave Ste 200 Aurora, CO 80012",39.696692,-104.844412,Vietnamese,26
Kim Ba,"2495 S Havana St Unit F31 Aurora, CO 80014",39.6731069,-104.8666026,Vietnamese,52
Pho 95,"6879 S Vine St Ste 714 Centennial, CO 80122",39.5919639,-104.964517,Vietnamese,196
Golden Bowl Noodle House,"6500 120th Ave Ste E Broomfield, CO 80020",39.9131976,-105.0686565,Vietnamese,62
"Pho Bowlevard, Vietnamese Grill","5950 S Platte Canyon Rd Littleton, CO 80123",39.608583,-105.036921,Vietnamese,42
Peking Tokyo Express,"3355 S Wadsworth Blvd Lakewood, CO 80227",39.6552799,-105.0817786,Vietnamese,54
Pho 92,"12652 W Ken Caryl Ave Unit C Littleton, CO 80127",39.578826,-105.139184,Vietnamese,21
Golden Saigon,"2648 S Parker Rd Aurora, CO 80014",39.668445,-104.8618721,Vietnamese,104
Pho 2 Love,"6593 W Colfax Ave Lakewood, CO 80214",39.7403942,-105.0694622,Vietnamese,26
Saigon Pho Grill,"7243 Federal Blvd Westminster, CO 80030",39.8280551,-105.0250617,Vietnamese,45
Saigon Basil,"10665 Melody Dr Northglenn, CO 80234",39.8902477,-104.9932889,Vietnamese,33
1 2 3 Pho,"3624 Highlands Ranch Pkwy Ste 201 Highlands Ranch, CO 80126",39.5421197,-104.9472005,Vietnamese,50
Pho 78 Restaurant,"7275 W 88th Ave Unit D Broomfield, CO 80021",39.892517,-105.1142011,Vietnamese,49
Pho 007,"389 W Littleton Blvd Littleton, CO 80120",39.6132975,-104.9923816,Vietnamese,8
Pho Bay,"2851 W 120th Ave Westminster, CO 80234",39.9141844,-105.0228929,Vietnamese,30
Top Pho Restaurant,"11697 E Colfax Ave Aurora, CO 80010",39.7405343,-104.852134,Vietnamese,41
"Pho Khang - Vietnamese Noodles, Bar and Grill","8283 S Akron St Ste 140 Centennial, CO 80112",39.5666009,-104.8832381,Vietnamese,36
Pho Duy,"6600 W 120th Ave Unit B Broomfield, CO 80021",39.9129186,-105.0700575,Vietnamese,164
Pho Saigon Basil,"7057 W Alaska Dr Lakewood, CO 80226",39.709232,-105.0741976,Vietnamese,20
Saigon Palace,"3495 S Broadway Englewood, CO 80113",39.65332,-104.987939,Vietnamese,27
Saigon Dragon Asian Cuisine,"2055 W 136th Ave Unit 154 Broomfield, CO 80023",39.9439927,-105.0129738,Vietnamese,35
Sae Jong Kwan,"2680 S Havana St Aurora, CO 80014",39.6679034,-104.864208,Vietnamese,28
Long Shots Bar and Grill,"4400 Ward Rd Wheat Ridge, CO 80033",39.7805899,-105.139824,Vietnamese,23
Pho Golden,"17211 S Golden Rd Ste 130 Golden, CO 80401",39.739618,-105.1943299,Vietnamese,69
Pho Real,"2399 W Main St Littleton, CO 80120",39.6137277,-105.0161763,Vietnamese,32
Pho 75 Restaurant,"2050 S Havana St Aurora, CO 80014",39.6794223,-104.8650122,Vietnamese,52
Vietnamese Cafe,"3744 E 104th Ave Thornton, CO 80233",39.8834562,-104.9427635,Vietnamese,60
